<?xml version="1.0" encoding="UTF-8"?>
<!DOCTYPE suite SYSTEM "http://testng.org/testng-1.0.dtd">
<suite name="Starwars Suite">
	<listeners>
		<listener class-name="com.starwars.test.Listeners" />
	</listeners>

	<test name="Starwars Test"><!-- Module declaration -->
		<parameter name="url" value="https://www.starwars.com" />
		
		<parameter name="username" value="mhasan240" />
		
		<parameter name="password" value="Hasan123" />

		<!-- Test Module level parameter -->
		<classes>

			<class name="com.starwars.test.LoginPageTest" />
			<class name="com.starwars.test.HomePageTest" />
			<class name="com.starwars.test.VideoPageTest" />
			<class name="com.starwars.test.FilmsPageTest" />
			<class name="com.starwars.test.FilmsPageTest" />


		</classes>



	</test> <!-- Test -->
	<test name="Smoke Test"><!-- Test Module declaration -->
		<groups><!-- running the test cases based on groups -->
			<run>
				<include name="Smoke" /><!-- you can include or exclude the groups -->
			</run>
		</groups>
		<classes>

			<class name="com.starwars.test.LoginPageTest" />
			<class name="com.starwars.test.HomePageTest" />
			<class name="com.starwars.test.VideoPageTest" />
			<class name="com.starwars.test.FilmsPageTest" />

		</classes>

	</test>

</suite> <!-- Suite -->
